epoch,time,train/box_loss,train/cls_loss,train/dfl_loss,metrics/precision(B),metrics/recall(B),metrics/mAP50(B),metrics/mAP50-95(B),val/box_loss,val/cls_loss,val/dfl_loss,lr/pg0,lr/pg1,lr/pg2
1,4.06593,2.40058,49.3522,1.39416,0.19214,0.30088,0.11235,0.03489,2.42086,26.5668,1.40267,0.0004,0.0004,0.0004
2,8.42582,2.05018,6.61718,1.19789,0.02876,0.0354,0.01518,0.00473,2.79823,27.3681,1.77351,0.000817971,0.000817971,0.000817971
3,12.1149,2.15377,2.66183,1.27646,0.03794,0.00885,0.00155,0.00037,3.84918,17.7954,3.16523,0.00123386,0.00123386,0.00123386
4,15.8712,2.16062,2.28055,1.27792,0,0,0,0,4.61631,inf,43.8734,0.00164767,0.00164767,0.00164767
5,19.4234,2.29468,2.0764,1.28364,0,0,0,0,5.2531,7.60207,5.62,0.0019802,0.0019802,0.0019802
6,22.9761,2.19643,1.70552,1.36316,0,0,0,0,nan,nan,nan,0.00197525,0.00197525,0.00197525
7,26.5218,2.13513,1.59968,1.25501,0,0,0,0,nan,nan,nan,0.0019703,0.0019703,0.0019703
8,30.1704,2.1199,1.49367,1.26181,0.32894,0.29204,0.23617,0.08773,2.65047,2.61418,1.63584,0.00196535,0.00196535,0.00196535
9,34.2596,2.07814,1.55468,1.23065,0.43165,0.34279,0.32459,0.1366,2.28074,1.82274,1.54082,0.0019604,0.0019604,0.0019604
10,38.3557,2.01978,1.48407,1.23823,0.3839,0.21239,0.21363,0.0925,2.5501,2.63831,1.71556,0.00195545,0.00195545,0.00195545
11,41.9538,2.05709,1.36665,1.17935,0.47693,0.56637,0.48098,0.19161,2.02089,1.51735,1.2092,0.0019505,0.0019505,0.0019505
12,46.0366,1.84007,1.3618,1.21423,0.56052,0.47788,0.53331,0.23094,1.87962,1.36668,1.13425,0.00194555,0.00194555,0.00194555
13,50.131,1.78548,1.25004,1.17002,0.53509,0.56637,0.55273,0.24544,1.90032,1.35081,1.17801,0.0019406,0.0019406,0.0019406
14,54.238,1.67421,1.14787,1.07212,0.44592,0.49558,0.44521,0.18998,2.02184,1.46542,1.24754,0.00193565,0.00193565,0.00193565
15,57.8246,1.69089,1.1495,1.06077,0.56844,0.50442,0.60956,0.31381,1.77156,1.11182,1.12874,0.0019307,0.0019307,0.0019307
16,61.927,1.73441,1.18006,1.09402,0.48233,0.46018,0.46235,0.20649,2.16501,1.5136,1.42825,0.00192575,0.00192575,0.00192575
17,65.5185,1.62604,1.1683,1.09889,0.532,0.26549,0.28335,0.13101,2.45248,2.33603,1.80474,0.0019208,0.0019208,0.0019208
18,69.0965,1.6508,1.15445,1.07262,0.65041,0.64602,0.70043,0.33238,1.7307,1.15638,1.08891,0.00191585,0.00191585,0.00191585
19,73.2016,1.65917,1.11024,1.03701,0.66844,0.60662,0.7294,0.36024,1.61098,1.03578,1.04276,0.0019109,0.0019109,0.0019109
20,77.3164,1.60455,1.07534,1.07423,0.61692,0.65487,0.68465,0.32018,1.73299,1.18135,1.04309,0.00190595,0.00190595,0.00190595
21,80.8776,1.55432,1.04587,1.04398,0.76337,0.571,0.71544,0.3527,1.70327,1.17639,1.05298,0.001901,0.001901,0.001901
22,84.4641,1.58167,1.09162,1.06571,0.67897,0.65508,0.76899,0.39643,1.61734,1.0371,1.04163,0.00189605,0.00189605,0.00189605
23,88.5354,1.5414,1.02782,1.04693,0.73047,0.71954,0.77221,0.40955,1.54611,0.98666,1.02224,0.0018911,0.0018911,0.0018911
24,92.6365,1.53336,0.98304,1.05912,0.62864,0.67415,0.69871,0.36779,1.65056,1.14339,1.14142,0.00188615,0.00188615,0.00188615
25,96.2243,1.60608,1.02013,1.05637,0.76988,0.58407,0.67025,0.34865,1.73463,1.07043,1.13754,0.0018812,0.0018812,0.0018812
26,99.8231,1.51242,0.97483,1.03921,0.76821,0.73324,0.81678,0.45232,1.45886,0.96062,1.06108,0.00187625,0.00187625,0.00187625
27,103.93,1.3956,0.98804,0.98778,0.7994,0.73451,0.83697,0.43768,1.52611,0.94349,1.01353,0.0018713,0.0018713,0.0018713
28,107.533,1.48379,0.97844,1.00937,0.78438,0.78761,0.87071,0.47998,1.49881,0.88855,1.03189,0.00186635,0.00186635,0.00186635
29,111.636,1.47874,0.94732,1.01892,0.64629,0.58407,0.68146,0.35525,1.6645,1.1917,1.06704,0.0018614,0.0018614,0.0018614
30,115.225,1.51893,0.93791,1.01777,0.63263,0.65487,0.66094,0.31425,1.69177,1.10472,1.04586,0.00185645,0.00185645,0.00185645
31,118.797,1.54883,1.00063,0.98604,0.68144,0.76106,0.80753,0.43299,1.48411,0.94961,0.98527,0.0018515,0.0018515,0.0018515
32,122.4,1.48645,0.9292,0.99818,0.83876,0.77876,0.88609,0.48172,1.39657,0.89644,0.97112,0.00184655,0.00184655,0.00184655
33,126.499,1.4764,0.95286,0.98794,0.76667,0.78761,0.85616,0.45029,1.48202,0.90654,0.98221,0.0018416,0.0018416,0.0018416
34,130.079,1.51996,0.94933,0.98846,0.67302,0.79646,0.80633,0.394,1.66236,0.99009,0.97556,0.00183665,0.00183665,0.00183665
35,133.655,1.48256,0.94348,1.00662,0.54231,0.44248,0.47212,0.22691,1.715,1.44325,1.12999,0.0018317,0.0018317,0.0018317
36,137.249,1.42542,0.94912,0.99473,0.87612,0.60177,0.80785,0.43558,1.53114,0.94251,1.00954,0.00182675,0.00182675,0.00182675
37,140.86,1.46621,0.94813,1.01348,0.83426,0.66821,0.79734,0.4328,1.53912,0.92899,0.9965,0.0018218,0.0018218,0.0018218
38,144.449,1.44651,0.91137,0.9914,0.74957,0.76818,0.82711,0.48826,1.34152,0.86181,0.97142,0.00181685,0.00181685,0.00181685
39,148.025,1.41985,0.92085,0.9925,0.78075,0.84956,0.87123,0.49069,1.41015,0.85028,0.94774,0.0018119,0.0018119,0.0018119
40,152.139,1.47336,0.97705,1.01028,0.83325,0.80531,0.89399,0.49413,1.3338,0.86587,0.93273,0.00180695,0.00180695,0.00180695
41,156.247,1.44959,0.93242,1.00154,0.83141,0.74336,0.8778,0.51826,1.39774,0.82522,0.9439,0.001802,0.001802,0.001802
42,160.354,1.36938,0.89888,0.97524,0.80955,0.82301,0.88847,0.52218,1.28098,0.80634,0.92125,0.00179705,0.00179705,0.00179705
43,164.456,1.43224,0.95439,0.98147,0.76578,0.72566,0.79391,0.40857,1.58376,0.99048,1.01409,0.0017921,0.0017921,0.0017921
44,168.068,1.47994,0.92163,0.97806,0.83085,0.69912,0.82425,0.43892,1.50127,0.88621,0.9746,0.00178715,0.00178715,0.00178715
45,171.646,1.45896,0.88994,0.95184,0.79983,0.77794,0.87541,0.54346,1.32462,0.8323,0.94914,0.0017822,0.0017822,0.0017822
46,175.749,1.45885,0.90643,0.96983,0.64909,0.75298,0.75824,0.38418,1.57931,1.00541,1.00373,0.00177725,0.00177725,0.00177725
47,179.335,1.39051,0.88009,0.92833,0.8213,0.77282,0.82877,0.44504,1.38929,0.85821,0.93941,0.0017723,0.0017723,0.0017723
48,182.942,1.39129,0.88616,0.94141,0.74927,0.76693,0.84452,0.50143,1.25067,0.84919,0.94311,0.00176735,0.00176735,0.00176735
49,186.526,1.31671,0.8755,0.91231,0.84764,0.72566,0.85592,0.52612,1.26919,0.81332,0.94216,0.0017624,0.0017624,0.0017624
50,190.108,1.3862,0.92289,0.98386,0.78913,0.79482,0.84805,0.46186,1.37179,0.8378,0.95482,0.00175745,0.00175745,0.00175745
51,193.681,1.43512,0.87006,0.98556,0.73401,0.54867,0.60156,0.34784,1.74632,1.50252,1.11884,0.0017525,0.0017525,0.0017525
52,197.279,1.46051,0.93041,0.99585,0.71392,0.75088,0.79093,0.41858,1.52272,0.96877,0.99709,0.00174755,0.00174755,0.00174755
53,200.875,1.30542,0.88763,0.95363,0.8339,0.78761,0.87275,0.52293,1.33808,0.82517,0.95043,0.0017426,0.0017426,0.0017426
54,204.464,1.30082,0.82194,0.95958,0.76474,0.7767,0.82027,0.45287,1.45009,0.87973,1.00453,0.00173765,0.00173765,0.00173765
55,208.05,1.3222,0.85474,0.98288,0.75254,0.73451,0.78808,0.47018,1.48154,0.97618,0.97864,0.0017327,0.0017327,0.0017327
56,211.647,1.34734,0.87639,0.94679,0.68634,0.50442,0.56731,0.28022,1.76186,1.77736,1.04651,0.00172775,0.00172775,0.00172775
57,215.237,1.37877,0.90879,0.95403,0.76064,0.80531,0.86939,0.51394,1.37884,0.83881,0.92249,0.0017228,0.0017228,0.0017228
58,218.817,1.36659,0.90664,0.95371,0.79676,0.73451,0.84358,0.47819,1.42806,0.87939,0.94235,0.00171785,0.00171785,0.00171785
59,222.393,1.29848,0.88551,0.93486,0.7585,0.83384,0.86284,0.5024,1.2844,0.81739,0.95352,0.0017129,0.0017129,0.0017129
60,225.986,1.27609,0.84919,0.94054,0.76941,0.76991,0.81694,0.4434,1.47702,0.94626,0.98111,0.00170795,0.00170795,0.00170795
61,229.556,1.3397,0.87099,0.95679,0.5424,0.32743,0.35538,0.17186,2.29236,2.48051,1.64706,0.001703,0.001703,0.001703
62,233.196,1.35453,0.83861,0.94355,0.76146,0.81416,0.85041,0.52031,1.30529,0.8403,0.92781,0.00169805,0.00169805,0.00169805
63,236.837,1.40401,0.85659,0.9538,0.72077,0.68142,0.75592,0.41543,1.50654,1.11624,0.99277,0.0016931,0.0016931,0.0016931
64,240.427,1.34081,0.87975,0.95258,0.85418,0.82945,0.91761,0.57419,1.23038,0.77344,0.89745,0.00168815,0.00168815,0.00168815
65,244.521,1.35819,0.8603,0.92115,0.82498,0.71681,0.82776,0.49675,1.38053,0.84513,0.95768,0.0016832,0.0016832,0.0016832
66,248.124,1.32076,0.84039,0.95021,0.78407,0.69912,0.79747,0.4255,1.47576,0.9535,1.00779,0.00167825,0.00167825,0.00167825
67,251.714,1.35586,0.87039,0.94372,0.82186,0.82301,0.86888,0.53423,1.33245,0.7885,0.96176,0.0016733,0.0016733,0.0016733
68,255.315,1.27941,0.81543,0.94717,0.82772,0.85037,0.91726,0.5452,1.34752,0.76685,0.95227,0.00166835,0.00166835,0.00166835
69,258.888,1.24304,0.8171,0.93857,0.84478,0.73451,0.87546,0.49961,1.42174,0.79474,0.97707,0.0016634,0.0016634,0.0016634
70,262.463,1.3692,0.8553,0.95597,0.67336,0.8027,0.81369,0.39631,1.75506,1.00664,1.05347,0.00165845,0.00165845,0.00165845
71,266.088,1.40067,0.90057,0.96006,0.7689,0.56637,0.70795,0.29053,1.97814,1.19366,1.06074,0.0016535,0.0016535,0.0016535
72,269.781,1.38622,0.847,0.96263,0.87271,0.84945,0.91742,0.52846,1.28777,0.80203,0.93042,0.00164855,0.00164855,0.00164855
73,273.339,1.26638,0.78293,0.97286,0.83441,0.78761,0.89134,0.53027,1.27256,0.73631,0.92256,0.0016436,0.0016436,0.0016436
74,276.917,1.27538,0.79703,0.95065,0.83419,0.8014,0.91156,0.52856,1.30466,0.77661,0.91439,0.00163865,0.00163865,0.00163865
75,280.493,1.28138,0.82737,0.94088,0.8316,0.78761,0.87348,0.48615,1.34662,0.83637,0.9382,0.0016337,0.0016337,0.0016337
76,284.095,1.31858,0.79427,0.92747,0.80147,0.80531,0.84292,0.49732,1.30318,0.8229,0.90974,0.00162875,0.00162875,0.00162875
77,287.683,1.28785,0.79674,0.92559,0.83984,0.79646,0.90613,0.57455,1.22708,0.78114,0.9108,0.0016238,0.0016238,0.0016238
78,291.269,1.2554,0.77301,0.92959,0.80611,0.82301,0.90563,0.57893,1.22962,0.78308,0.88724,0.00161885,0.00161885,0.00161885
79,295.387,1.33493,0.87953,0.94705,0.88625,0.77876,0.92873,0.53392,1.32922,0.81015,0.91039,0.0016139,0.0016139,0.0016139
80,298.98,1.27112,0.78585,0.91095,0.87325,0.75221,0.89748,0.55157,1.25773,0.84462,0.89879,0.00160895,0.00160895,0.00160895
81,302.563,1.27331,0.74149,0.89711,0.89351,0.77876,0.90683,0.55779,1.25173,0.80274,0.9075,0.001604,0.001604,0.001604
82,306.143,1.37364,0.81886,0.92037,0.85448,0.77944,0.88656,0.49768,1.36202,0.81666,0.91,0.00159905,0.00159905,0.00159905
83,309.722,1.26988,0.79686,0.8878,0.88126,0.76991,0.8979,0.55637,1.23642,0.76963,0.89809,0.0015941,0.0015941,0.0015941
84,313.331,1.16818,0.74284,0.88874,0.87474,0.85841,0.93915,0.60371,1.16084,0.69132,0.8995,0.00158915,0.00158915,0.00158915
85,317.401,1.20178,0.76584,0.89696,0.83055,0.80531,0.88799,0.55106,1.22829,0.85876,0.92684,0.0015842,0.0015842,0.0015842
86,320.98,1.18873,0.78615,0.91523,0.89115,0.86941,0.94157,0.56687,1.23612,0.74029,0.89495,0.00157925,0.00157925,0.00157925
87,324.568,1.13032,0.72206,0.89797,0.85035,0.85489,0.92527,0.62629,1.10457,0.69995,0.88573,0.0015743,0.0015743,0.0015743
88,328.685,1.2248,0.7881,0.90649,0.73905,0.80531,0.84163,0.50426,1.27737,0.90226,0.95088,0.00156935,0.00156935,0.00156935
89,332.263,1.22144,0.74931,0.9224,0.74859,0.72566,0.81438,0.44297,1.46518,0.91087,0.93298,0.0015644,0.0015644,0.0015644
90,335.873,1.22256,0.73738,0.89581,0.88113,0.85276,0.93999,0.5805,1.29447,0.68654,0.90362,0.00155945,0.00155945,0.00155945
91,339.567,1.15837,0.74591,0.86567,0.87122,0.88496,0.94846,0.58666,1.22938,0.70167,0.90298,0.0015545,0.0015545,0.0015545
92,343.197,1.23684,0.77351,0.92659,0.86856,0.85841,0.93413,0.54387,1.39345,0.76229,0.89715,0.00154955,0.00154955,0.00154955
93,346.78,1.13714,0.72255,0.85121,0.89141,0.8718,0.94854,0.59034,1.18528,0.69429,0.89025,0.0015446,0.0015446,0.0015446
94,350.369,1.18677,0.73174,0.87634,0.78637,0.84696,0.90693,0.58854,1.14593,0.68925,0.8899,0.00153965,0.00153965,0.00153965
95,353.966,1.17615,0.73788,0.91159,0.78744,0.84071,0.87807,0.53327,1.24989,0.76441,0.89733,0.0015347,0.0015347,0.0015347
96,357.561,1.1389,0.74414,0.87977,0.77324,0.90529,0.92704,0.62255,1.10178,0.66023,0.87297,0.00152975,0.00152975,0.00152975
97,361.128,1.1917,0.75683,0.89067,0.89068,0.86522,0.94731,0.6169,1.13125,0.65593,0.87051,0.0015248,0.0015248,0.0015248
98,364.72,1.20493,0.71008,0.881,0.77517,0.88484,0.89866,0.5948,1.17095,0.68168,0.8848,0.00151985,0.00151985,0.00151985
99,368.311,1.17401,0.72918,0.89065,0.66992,0.64602,0.71915,0.40573,1.5085,1.23934,1.00378,0.0015149,0.0015149,0.0015149
100,371.916,1.15982,0.77686,0.89971,0.82491,0.89381,0.92233,0.57842,1.1638,0.77653,0.894,0.00150995,0.00150995,0.00150995
101,375.518,1.16027,0.71821,0.90853,0.85246,0.84071,0.91151,0.57036,1.12876,0.75539,0.87711,0.001505,0.001505,0.001505
102,379.104,1.24801,0.74987,0.87856,0.86912,0.82274,0.88971,0.57578,1.22706,0.73187,0.90744,0.00150005,0.00150005,0.00150005
103,382.771,1.1677,0.7295,0.88943,0.87336,0.81416,0.91969,0.57494,1.21953,0.71667,0.88823,0.0014951,0.0014951,0.0014951
104,386.373,1.16457,0.74003,0.88903,0.90433,0.76106,0.89292,0.52504,1.28427,0.8199,0.90878,0.00149015,0.00149015,0.00149015
105,389.967,1.18201,0.71209,0.90223,0.85693,0.90108,0.93244,0.59064,1.14892,0.67391,0.88222,0.0014852,0.0014852,0.0014852
106,393.548,1.21285,0.71898,0.89104,0.87286,0.9115,0.95686,0.59674,1.24013,0.63761,0.90002,0.00148025,0.00148025,0.00148025
107,397.122,1.15687,0.67251,0.90413,0.93125,0.85841,0.93752,0.63568,1.09895,0.64946,0.87733,0.0014753,0.0014753,0.0014753
108,401.209,1.16095,0.67894,0.87452,0.82616,0.88319,0.91591,0.56998,1.1958,0.7056,0.87646,0.00147035,0.00147035,0.00147035
109,404.78,1.15567,0.68053,0.86306,0.80086,0.81858,0.90421,0.57392,1.28439,0.77272,0.89929,0.0014654,0.0014654,0.0014654
110,408.367,1.19006,0.70826,0.86967,0.87014,0.88952,0.93474,0.58064,1.18425,0.6889,0.88018,0.00146045,0.00146045,0.00146045
111,411.961,1.17193,0.72315,0.87065,0.83655,0.87611,0.9183,0.59578,1.15637,0.66639,0.87018,0.0014555,0.0014555,0.0014555
112,415.563,1.14355,0.71517,0.84836,0.85149,0.83186,0.91461,0.56064,1.21776,0.73945,0.88082,0.00145055,0.00145055,0.00145055
113,419.156,1.10403,0.69953,0.86333,0.90788,0.78494,0.90842,0.54942,1.29724,0.73338,0.91715,0.0014456,0.0014456,0.0014456
114,422.744,1.2154,0.73213,0.87259,0.88576,0.82339,0.92846,0.60535,1.13623,0.71491,0.87686,0.00144065,0.00144065,0.00144065
115,426.317,1.17892,0.77228,0.88616,0.90012,0.85841,0.93954,0.61448,1.09283,0.66909,0.86348,0.0014357,0.0014357,0.0014357
116,429.897,1.14813,0.73816,0.8926,0.84036,0.88513,0.89895,0.55449,1.19414,0.72246,0.89111,0.00143075,0.00143075,0.00143075
117,433.536,1.12713,0.7104,0.89056,0.82782,0.74336,0.84548,0.50235,1.31867,0.82935,0.94494,0.0014258,0.0014258,0.0014258
118,437.142,1.14802,0.70957,0.89042,0.79492,0.82325,0.87886,0.52426,1.31596,0.77975,0.92525,0.00142085,0.00142085,0.00142085
119,440.724,1.15619,0.68417,0.88571,0.8478,0.88496,0.94509,0.6081,1.15665,0.71501,0.86993,0.0014159,0.0014159,0.0014159
120,444.326,1.16404,0.70019,0.88254,0.79521,0.85841,0.87961,0.53305,1.27098,0.84092,0.87623,0.00141095,0.00141095,0.00141095
121,447.912,1.14386,0.68053,0.87226,0.83682,0.80531,0.90375,0.58386,1.20974,0.70813,0.89781,0.001406,0.001406,0.001406
122,451.505,1.3033,0.81783,0.89168,0.87939,0.83186,0.9365,0.59918,1.20921,0.69684,0.90436,0.00140105,0.00140105,0.00140105
123,455.092,1.17552,0.7386,0.88043,0.86298,0.89381,0.91505,0.60097,1.18871,0.69872,0.86813,0.0013961,0.0013961,0.0013961
124,458.698,1.14966,0.70641,0.8791,0.7999,0.87611,0.91723,0.62219,1.04759,0.6547,0.87067,0.00139115,0.00139115,0.00139115
125,462.284,1.11422,0.7054,0.8739,0.87627,0.81477,0.92606,0.60364,1.13455,0.69473,0.90423,0.0013862,0.0013862,0.0013862
126,465.875,1.14783,0.70077,0.87701,0.85421,0.82963,0.90512,0.50062,1.46793,0.82389,0.93037,0.00138125,0.00138125,0.00138125
127,469.467,1.1651,0.71979,0.87612,0.82424,0.83003,0.89631,0.55705,1.2633,0.73842,0.92079,0.0013763,0.0013763,0.0013763
128,473.076,1.089,0.67575,0.86978,0.88804,0.87611,0.93214,0.62393,1.13339,0.63981,0.88551,0.00137135,0.00137135,0.00137135
129,476.663,1.18204,0.70922,0.88602,0.82729,0.86726,0.90971,0.58003,1.19066,0.70892,0.89457,0.0013664,0.0013664,0.0013664
130,480.249,1.1176,0.66746,0.8809,0.88308,0.80209,0.92813,0.60504,1.20017,0.70312,0.89136,0.00136145,0.00136145,0.00136145
131,483.826,1.09797,0.68531,0.86465,0.8559,0.84101,0.91868,0.60676,1.11829,0.6768,0.87452,0.0013565,0.0013565,0.0013565
132,487.449,1.05378,0.65132,0.85975,0.83038,0.92035,0.94203,0.6106,1.1405,0.68779,0.87658,0.00135155,0.00135155,0.00135155
133,491.107,1.12573,0.67856,0.8895,0.8504,0.85517,0.93112,0.60387,1.13516,0.68699,0.87971,0.0013466,0.0013466,0.0013466
134,494.741,1.19664,0.7151,0.86774,0.83662,0.81567,0.90598,0.54815,1.36901,0.75375,0.91322,0.00134165,0.00134165,0.00134165
135,498.339,1.19101,0.70184,0.88289,0.85106,0.84071,0.89465,0.57314,1.20394,0.76101,0.8778,0.0013367,0.0013367,0.0013367
136,501.945,1.22875,0.76639,0.87089,0.84759,0.9115,0.92836,0.57357,1.18773,0.71482,0.89364,0.00133175,0.00133175,0.00133175
137,505.543,1.17542,0.68686,0.88204,0.84789,0.88797,0.9236,0.54069,1.38947,0.73389,0.91747,0.0013268,0.0013268,0.0013268
138,509.135,1.14537,0.67551,0.8795,0.82374,0.86726,0.92946,0.59473,1.17757,0.69924,0.87444,0.00132185,0.00132185,0.00132185
139,512.721,1.08556,0.65945,0.88037,0.77164,0.9292,0.93443,0.62947,1.0899,0.692,0.86933,0.0013169,0.0013169,0.0013169
140,516.337,1.1393,0.66982,0.86478,0.77043,0.86128,0.89673,0.55519,1.24713,0.73104,0.87273,0.00131195,0.00131195,0.00131195
141,519.927,1.23943,0.71598,0.88822,0.8099,0.89381,0.91802,0.57808,1.22864,0.6838,0.87209,0.001307,0.001307,0.001307
142,523.517,1.098,0.66306,0.86702,0.81498,0.93554,0.95245,0.61767,1.17269,0.66037,0.86917,0.00130205,0.00130205,0.00130205
143,527.107,1.09323,0.66669,0.85735,0.83818,0.89381,0.94298,0.58767,1.16385,0.71258,0.86928,0.0012971,0.0012971,0.0012971
144,530.717,1.04194,0.64592,0.86487,0.84271,0.86726,0.91911,0.60402,1.0927,0.69891,0.87061,0.00129215,0.00129215,0.00129215
145,534.315,1.08951,0.65172,0.87549,0.89285,0.85841,0.932,0.60549,1.12008,0.65961,0.87278,0.0012872,0.0012872,0.0012872
146,537.888,1.07169,0.64052,0.86884,0.88839,0.8453,0.9101,0.57079,1.24461,0.75994,0.90309,0.00128225,0.00128225,0.00128225
147,541.477,1.116,0.6809,0.86197,0.9052,0.84071,0.90311,0.59237,1.15652,0.70459,0.88646,0.0012773,0.0012773,0.0012773
148,545.131,1.13184,0.66792,0.8738,0.87477,0.90265,0.93608,0.58823,1.20604,0.67648,0.89557,0.00127235,0.00127235,0.00127235
149,548.717,1.1752,0.72824,0.85965,0.91089,0.9115,0.95766,0.58688,1.21176,0.70423,0.88449,0.0012674,0.0012674,0.0012674
150,552.303,1.138,0.69477,0.88467,0.8273,0.93805,0.94663,0.60064,1.20973,0.68079,0.88007,0.00126245,0.00126245,0.00126245
151,555.9,1.02254,0.62824,0.83446,0.8645,0.76991,0.89525,0.57529,1.20527,0.70606,0.88883,0.0012575,0.0012575,0.0012575
152,559.483,1.08577,0.6734,0.86598,0.88645,0.89813,0.9459,0.63332,1.11616,0.62743,0.8713,0.00125255,0.00125255,0.00125255
153,563.073,1.08631,0.67281,0.85891,0.82758,0.9115,0.94165,0.58847,1.20799,0.67666,0.86231,0.0012476,0.0012476,0.0012476
154,566.663,1.09572,0.65544,0.86267,0.80521,0.9292,0.95102,0.64912,1.10629,0.63538,0.86089,0.00124265,0.00124265,0.00124265
155,570.766,1.03712,0.64272,0.8355,0.84271,0.85841,0.91924,0.58944,1.14743,0.69147,0.86884,0.0012377,0.0012377,0.0012377
156,574.358,1.07021,0.64952,0.8629,0.87804,0.89195,0.94884,0.63018,1.09733,0.64214,0.87032,0.00123275,0.00123275,0.00123275
157,577.938,1.0264,0.66927,0.84039,0.87737,0.92035,0.95804,0.61063,1.15679,0.63655,0.8755,0.0012278,0.0012278,0.0012278
158,581.544,1.06316,0.63657,0.87258,0.81,0.87611,0.92342,0.59055,1.18697,0.67906,0.88537,0.00122285,0.00122285,0.00122285
159,585.136,1.1321,0.694,0.86171,0.85556,0.9292,0.94657,0.62852,1.12392,0.64628,0.86178,0.0012179,0.0012179,0.0012179
160,588.744,1.13777,0.68134,0.85915,0.83325,0.89381,0.90764,0.57785,1.1674,0.72315,0.85975,0.00121295,0.00121295,0.00121295
161,592.331,1.09737,0.67901,0.86556,0.87777,0.89381,0.92222,0.6267,1.07202,0.69534,0.85726,0.001208,0.001208,0.001208
162,595.911,1.09653,0.68227,0.85602,0.85116,0.87611,0.93777,0.62443,1.10297,0.71081,0.8673,0.00120305,0.00120305,0.00120305
163,599.589,1.03415,0.60789,0.85578,0.88988,0.90265,0.96199,0.64766,1.09459,0.65788,0.86122,0.0011981,0.0011981,0.0011981
164,603.255,1.10322,0.67073,0.85431,0.9059,0.89381,0.96218,0.63537,1.11001,0.6415,0.86606,0.00119315,0.00119315,0.00119315
165,606.869,1.04633,0.62905,0.86434,0.87053,0.89256,0.94858,0.63677,1.07816,0.63321,0.86375,0.0011882,0.0011882,0.0011882
166,610.443,1.02428,0.64788,0.84454,0.8469,0.9115,0.94635,0.61877,1.13203,0.64916,0.86613,0.00118325,0.00118325,0.00118325
167,614.025,1.04171,0.65543,0.85619,0.82308,0.88496,0.89199,0.57253,1.1216,0.72581,0.86302,0.0011783,0.0011783,0.0011783
168,617.628,1.13586,0.68981,0.86429,0.85134,0.86156,0.91047,0.59129,1.15278,0.72999,0.87143,0.00117335,0.00117335,0.00117335
169,621.233,1.11668,0.66812,0.85399,0.82607,0.84062,0.88327,0.52124,1.34992,0.8056,0.91172,0.0011684,0.0011684,0.0011684
170,624.835,1.11806,0.69623,0.87062,0.83167,0.8745,0.90636,0.57011,1.21052,0.75479,0.89179,0.00116345,0.00116345,0.00116345
171,628.445,1.06243,0.66772,0.85517,0.85377,0.93007,0.95007,0.64075,1.06743,0.62597,0.84709,0.0011585,0.0011585,0.0011585
172,632.048,1.07658,0.66285,0.86919,0.85129,0.8612,0.93671,0.61628,1.12415,0.66298,0.86778,0.00115355,0.00115355,0.00115355
173,635.645,1.0966,0.68804,0.88326,0.88547,0.88946,0.94739,0.62117,1.14983,0.66772,0.87845,0.0011486,0.0011486,0.0011486
174,639.225,1.06738,0.66966,0.85944,0.74542,0.74336,0.80496,0.45838,1.40025,0.98748,0.93995,0.00114365,0.00114365,0.00114365
175,642.814,1.08373,0.68173,0.84784,0.8884,0.84956,0.9214,0.58416,1.18352,0.74208,0.87258,0.0011387,0.0011387,0.0011387
176,646.454,1.06363,0.66977,0.84069,0.83152,0.91719,0.93526,0.61914,1.12522,0.63372,0.87333,0.00113375,0.00113375,0.00113375
177,650.092,1.09103,0.65766,0.8645,0.90797,0.82301,0.947,0.66382,1.01429,0.60057,0.85341,0.0011288,0.0011288,0.0011288
178,654.325,1.03297,0.6357,0.85498,0.84435,0.86415,0.92148,0.61281,1.11245,0.63994,0.8465,0.00112385,0.00112385,0.00112385
179,657.943,1.05472,0.66041,0.86347,0.88411,0.87611,0.93059,0.616,1.06802,0.64566,0.85457,0.0011189,0.0011189,0.0011189
180,661.589,1.05193,0.65345,0.85827,0.86107,0.9115,0.93437,0.60817,1.08362,0.64306,0.85937,0.00111395,0.00111395,0.00111395
181,665.213,1.054,0.63317,0.84753,0.85248,0.92049,0.95774,0.62884,1.1073,0.61265,0.86205,0.001109,0.001109,0.001109
182,668.802,1.02458,0.63745,0.84908,0.83131,0.92035,0.94079,0.62903,1.09693,0.62361,0.85372,0.00110405,0.00110405,0.00110405
183,672.393,1.03288,0.64379,0.86642,0.85857,0.84071,0.91065,0.57244,1.17939,0.70029,0.88507,0.0010991,0.0010991,0.0010991
184,675.979,1.08177,0.64935,0.87016,0.87829,0.9115,0.94717,0.61283,1.11993,0.64895,0.86696,0.00109415,0.00109415,0.00109415
185,679.564,1.06333,0.65336,0.85254,0.86361,0.80531,0.92794,0.63022,1.0683,0.6849,0.85171,0.0010892,0.0010892,0.0010892
186,683.151,1.03308,0.638,0.86185,0.86356,0.89619,0.93887,0.61936,1.11249,0.64283,0.85425,0.00108425,0.00108425,0.00108425
187,686.776,1.05816,0.61877,0.85498,0.8575,0.9053,0.9265,0.60101,1.14164,0.63699,0.87072,0.0010793,0.0010793,0.0010793
188,690.38,1.02688,0.62238,0.84738,0.92835,0.88496,0.94835,0.63136,1.04098,0.60324,0.85728,0.00107435,0.00107435,0.00107435
189,693.987,1.03651,0.64038,0.85448,0.93587,0.904,0.96446,0.65874,1.04966,0.59455,0.85997,0.0010694,0.0010694,0.0010694
190,697.584,1.05896,0.62715,0.84135,0.90998,0.92035,0.96131,0.64258,1.13421,0.61933,0.86348,0.00106445,0.00106445,0.00106445
191,701.166,1.05747,0.65196,0.85102,0.85871,0.89381,0.94952,0.64919,1.06585,0.61458,0.8616,0.0010595,0.0010595,0.0010595
192,704.766,0.9908,0.60056,0.84082,0.88204,0.9469,0.96002,0.63625,1.0785,0.59438,0.85998,0.00105455,0.00105455,0.00105455
193,708.355,1.03786,0.6532,0.85824,0.90406,0.91734,0.96049,0.62834,1.08207,0.61506,0.85925,0.0010496,0.0010496,0.0010496
194,711.965,0.97965,0.61641,0.85893,0.91267,0.90265,0.94564,0.59882,1.13108,0.63898,0.86251,0.00104465,0.00104465,0.00104465
195,715.63,0.99089,0.61746,0.84853,0.90641,0.94278,0.96159,0.60836,1.15271,0.61378,0.86946,0.0010397,0.0010397,0.0010397
196,719.242,1.03002,0.63668,0.86609,0.918,0.89381,0.9491,0.61851,1.10611,0.63433,0.8548,0.00103475,0.00103475,0.00103475
197,722.818,1.03831,0.64133,0.85575,0.92018,0.91816,0.94638,0.6316,1.0726,0.63048,0.85664,0.0010298,0.0010298,0.0010298
198,726.404,1.00912,0.63284,0.84855,0.86909,0.93805,0.94779,0.63661,1.05919,0.60309,0.86249,0.00102485,0.00102485,0.00102485
199,729.991,0.9653,0.62579,0.84054,0.85804,0.90934,0.94837,0.62657,1.06477,0.59441,0.86023,0.0010199,0.0010199,0.0010199
200,733.591,1.02328,0.61729,0.83276,0.88959,0.92696,0.96127,0.62301,1.15748,0.63026,0.85847,0.00101495,0.00101495,0.00101495
201,737.176,1.057,0.65072,0.84983,0.8596,0.90265,0.92782,0.58285,1.20308,0.66186,0.86539,0.00101,0.00101,0.00101
202,740.775,1.01518,0.59826,0.82299,0.92539,0.87809,0.95234,0.62528,1.09536,0.63014,0.86464,0.00100505,0.00100505,0.00100505
203,744.37,1.05177,0.60627,0.84473,0.91173,0.91413,0.96185,0.62317,1.15118,0.60085,0.85803,0.0010001,0.0010001,0.0010001
204,747.977,0.99701,0.60925,0.83557,0.91353,0.9469,0.97224,0.65007,1.06343,0.59483,0.8498,0.00099515,0.00099515,0.00099515
205,751.562,0.9526,0.57471,0.83646,0.93827,0.9115,0.97697,0.66581,1.05123,0.57164,0.85008,0.0009902,0.0009902,0.0009902
206,755.663,0.92672,0.58587,0.82357,0.84945,0.92035,0.94604,0.63984,1.07774,0.60448,0.85965,0.00098525,0.00098525,0.00098525
207,759.246,1.00117,0.59634,0.83079,0.87344,0.9161,0.92953,0.56361,1.21978,0.63538,0.88311,0.0009803,0.0009803,0.0009803
208,762.855,0.99288,0.60401,0.84343,0.90148,0.86726,0.93369,0.62788,1.07172,0.64446,0.86651,0.00097535,0.00097535,0.00097535
209,766.449,1.00048,0.6073,0.83727,0.89323,0.8884,0.95193,0.62678,1.06971,0.60678,0.8655,0.0009704,0.0009704,0.0009704
210,770.051,1.02561,0.6393,0.83971,0.91285,0.92696,0.96495,0.64566,1.11888,0.61243,0.86097,0.00096545,0.00096545,0.00096545
211,773.653,1.03142,0.59922,0.84102,0.85823,0.92035,0.92314,0.61378,1.15368,0.65051,0.86638,0.0009605,0.0009605,0.0009605
212,777.339,1.00818,0.59757,0.85974,0.94418,0.89818,0.97361,0.64506,1.08853,0.57806,0.86116,0.00095555,0.00095555,0.00095555
213,780.982,0.95528,0.56262,0.83615,0.91924,0.90659,0.94743,0.62752,1.11155,0.60842,0.86863,0.0009506,0.0009506,0.0009506
214,784.568,0.94196,0.55882,0.82344,0.89849,0.93994,0.9614,0.65311,1.08783,0.58832,0.85334,0.00094565,0.00094565,0.00094565
215,788.161,0.9493,0.58018,0.83623,0.87871,0.96175,0.96646,0.639,1.08364,0.57683,0.86224,0.0009407,0.0009407,0.0009407
216,791.764,0.97773,0.56969,0.82656,0.91223,0.91975,0.94709,0.63831,1.06611,0.58469,0.85185,0.00093575,0.00093575,0.00093575
217,795.343,0.93076,0.56894,0.83871,0.91022,0.90265,0.95413,0.63287,1.10279,0.58811,0.85052,0.0009308,0.0009308,0.0009308
218,798.933,0.93359,0.57285,0.83185,0.91279,0.92629,0.96818,0.65841,1.07636,0.56393,0.84494,0.00092585,0.00092585,0.00092585
219,802.513,0.97256,0.5883,0.81837,0.87627,0.9115,0.94211,0.64773,1.06741,0.59471,0.85095,0.0009209,0.0009209,0.0009209
220,806.101,0.94824,0.57514,0.8204,0.88685,0.92035,0.9517,0.62647,1.06321,0.59646,0.84675,0.00091595,0.00091595,0.00091595
221,809.677,0.96447,0.57759,0.84874,0.8787,0.89754,0.94756,0.60565,1.19445,0.63537,0.85528,0.000911,0.000911,0.000911
222,813.255,0.98437,0.58349,0.8344,0.88401,0.94428,0.9624,0.66103,1.0511,0.56243,0.84356,0.00090605,0.00090605,0.00090605
223,816.823,0.97332,0.58354,0.83449,0.91476,0.90265,0.96821,0.65651,1.09694,0.58897,0.84327,0.0009011,0.0009011,0.0009011
224,820.497,0.95867,0.58556,0.82448,0.91351,0.93475,0.96947,0.65577,1.06572,0.60462,0.84145,0.00089615,0.00089615,0.00089615
225,824.165,0.95465,0.57915,0.82907,0.91269,0.92515,0.96612,0.67718,1.0276,0.56104,0.8524,0.0008912,0.0008912,0.0008912
226,828.319,0.89648,0.53405,0.83569,0.90589,0.90265,0.94584,0.64293,1.07043,0.62994,0.85194,0.00088625,0.00088625,0.00088625
227,831.979,0.91251,0.55473,0.83721,0.92772,0.86726,0.96465,0.6801,1.02737,0.57446,0.83598,0.0008813,0.0008813,0.0008813
228,836.268,0.93481,0.57837,0.84157,0.91693,0.9115,0.97355,0.68202,1.02128,0.56764,0.84399,0.00087635,0.00087635,0.00087635
229,840.468,0.95218,0.55965,0.8275,0.90493,0.84239,0.93375,0.60737,1.15404,0.63772,0.85455,0.0008714,0.0008714,0.0008714
230,844.117,0.9446,0.56975,0.81375,0.91259,0.86726,0.94001,0.58617,1.19808,0.65829,0.87016,0.00086645,0.00086645,0.00086645
231,847.772,0.95619,0.58335,0.83282,0.90748,0.87611,0.95251,0.65969,1.04198,0.60132,0.84303,0.0008615,0.0008615,0.0008615
232,851.339,0.98108,0.59751,0.83197,0.88606,0.89462,0.96094,0.66746,0.99112,0.57443,0.84088,0.00085655,0.00085655,0.00085655
233,854.898,0.87886,0.52816,0.83102,0.91136,0.87611,0.94998,0.64574,1.06385,0.61743,0.83879,0.0008516,0.0008516,0.0008516
234,858.496,0.99365,0.64028,0.84771,0.8809,0.89381,0.95059,0.66743,1.00899,0.58341,0.84538,0.00084665,0.00084665,0.00084665
235,862.086,0.93001,0.57091,0.83638,0.89461,0.90149,0.93833,0.6531,1.08477,0.59849,0.8569,0.0008417,0.0008417,0.0008417
236,865.687,0.93058,0.55955,0.83367,0.91882,0.90152,0.95848,0.64593,1.05425,0.57381,0.8407,0.00083675,0.00083675,0.00083675
237,869.278,0.90213,0.57429,0.82656,0.89127,0.87055,0.92323,0.61899,1.10716,0.64983,0.84246,0.0008318,0.0008318,0.0008318
238,872.88,0.9547,0.57093,0.84553,0.84906,0.88496,0.93491,0.63744,1.06738,0.64042,0.84099,0.00082685,0.00082685,0.00082685
239,876.458,0.97286,0.58467,0.825,0.84299,0.9115,0.92198,0.60872,1.13101,0.63721,0.84763,0.0008219,0.0008219,0.0008219
240,885.677,0.87285,0.5484,0.84504,0.91023,0.90265,0.96401,0.67427,1.02921,0.58105,0.83715,0.00081695,0.00081695,0.00081695
241,895.239,0.98513,0.57023,0.83872,0.91554,0.86726,0.91678,0.5963,1.14997,0.67758,0.85279,0.000812,0.000812,0.000812
242,904.579,1.02092,0.59443,0.83196,0.89253,0.88196,0.94829,0.63831,1.06648,0.61262,0.84383,0.00080705,0.00080705,0.00080705
243,914.048,1.00762,0.58866,0.82356,0.87784,0.9292,0.96373,0.66934,1.04988,0.58101,0.83944,0.0008021,0.0008021,0.0008021
244,923.544,0.95054,0.56753,0.83899,0.90297,0.90589,0.96842,0.68117,1.0053,0.5671,0.83463,0.00079715,0.00079715,0.00079715
245,932.895,0.95979,0.58824,0.81453,0.9124,0.90265,0.96779,0.67362,1.04463,0.57284,0.84661,0.0007922,0.0007922,0.0007922
246,942.071,0.9114,0.56567,0.82072,0.93525,0.86726,0.95812,0.65868,1.02603,0.56732,0.8436,0.00078725,0.00078725,0.00078725
247,951.215,0.88079,0.53653,0.82529,0.94693,0.9115,0.97404,0.66155,1.03441,0.55964,0.84446,0.0007823,0.0007823,0.0007823
248,960.553,0.96363,0.54983,0.82764,0.91205,0.90265,0.95964,0.63768,1.03909,0.585,0.83115,0.00077735,0.00077735,0.00077735
249,969.701,0.89145,0.56461,0.84581,0.87435,0.92369,0.95904,0.66532,1.02835,0.57247,0.83641,0.0007724,0.0007724,0.0007724
250,979.016,0.90875,0.55891,0.83036,0.88998,0.93067,0.96787,0.65741,1.0426,0.55498,0.84256,0.00076745,0.00076745,0.00076745
251,988.213,0.90166,0.5571,0.81915,0.9329,0.90265,0.94641,0.63934,1.04876,0.60445,0.84304,0.0007625,0.0007625,0.0007625
252,997.656,0.91393,0.57891,0.82602,0.94491,0.91066,0.96765,0.66074,1.05138,0.6179,0.84531,0.00075755,0.00075755,0.00075755
253,1006.58,0.88665,0.56627,0.82125,0.92031,0.91984,0.95713,0.64107,1.0798,0.59088,0.85104,0.0007526,0.0007526,0.0007526
254,1015.38,0.94413,0.56922,0.83371,0.91244,0.86726,0.95878,0.65068,1.03641,0.57012,0.85095,0.00074765,0.00074765,0.00074765
255,1024.29,0.95338,0.54981,0.83747,0.90138,0.88979,0.95431,0.65991,1.08183,0.60918,0.84921,0.0007427,0.0007427,0.0007427
256,1034.23,0.96377,0.55931,0.84127,0.93419,0.9115,0.96482,0.67538,1.04686,0.56091,0.8493,0.00073775,0.00073775,0.00073775
257,1042.94,0.89962,0.54212,0.82821,0.96398,0.88496,0.9517,0.66266,1.06186,0.57867,0.85017,0.0007328,0.0007328,0.0007328
258,1051.72,0.89857,0.54187,0.81833,0.97168,0.91078,0.97176,0.6788,1.04675,0.57029,0.84501,0.00072785,0.00072785,0.00072785
259,1060.82,0.87368,0.53935,0.82289,0.91559,0.90265,0.96494,0.66512,1.0232,0.56342,0.83952,0.0007229,0.0007229,0.0007229
260,1069.63,0.87498,0.54857,0.82909,0.92676,0.89584,0.96475,0.6614,1.0463,0.58889,0.84443,0.00071795,0.00071795,0.00071795
261,1078.36,0.94123,0.56366,0.83299,0.94141,0.88496,0.968,0.67723,1.03232,0.55245,0.84718,0.000713,0.000713,0.000713
262,1087.24,0.93462,0.5869,0.84644,0.94372,0.89381,0.95929,0.68826,1.01012,0.54875,0.84519,0.00070805,0.00070805,0.00070805
263,1101.77,0.86664,0.54752,0.83818,0.97123,0.89623,0.9713,0.65827,1.01057,0.5473,0.84209,0.0007031,0.0007031,0.0007031
264,1110.56,0.92941,0.53765,0.82635,0.9588,0.86726,0.94733,0.66208,1.06362,0.60855,0.8365,0.00069815,0.00069815,0.00069815
265,1115.97,0.89536,0.53537,0.81809,0.9266,0.89374,0.96406,0.6846,1.03465,0.58039,0.84531,0.0006932,0.0006932,0.0006932
266,1119.56,0.90718,0.54645,0.81264,0.91862,0.8991,0.96452,0.65148,1.04006,0.58844,0.84853,0.00068825,0.00068825,0.00068825
267,1123.17,0.8738,0.51114,0.82856,0.94888,0.89381,0.97547,0.67995,1.03075,0.56663,0.84726,0.0006833,0.0006833,0.0006833
268,1126.76,0.8952,0.53907,0.81756,0.88597,0.88496,0.93863,0.65928,1.00704,0.59377,0.84171,0.00067835,0.00067835,0.00067835
269,1130.35,0.90944,0.52196,0.83219,0.9277,0.92035,0.97124,0.68332,1.02223,0.53572,0.83879,0.0006734,0.0006734,0.0006734
270,1133.94,0.86667,0.52036,0.82916,0.94412,0.89706,0.97188,0.69433,0.99928,0.54631,0.84655,0.00066845,0.00066845,0.00066845
271,1138.05,0.90242,0.55571,0.82023,0.93903,0.89381,0.96495,0.69135,1.00778,0.58912,0.84273,0.0006635,0.0006635,0.0006635
272,1141.66,0.85736,0.55167,0.82288,0.94481,0.90905,0.97032,0.69429,1.01085,0.55924,0.83959,0.00065855,0.00065855,0.00065855
273,1145.24,0.83739,0.52204,0.81756,0.97104,0.88496,0.96858,0.67776,0.99414,0.57796,0.83947,0.0006536,0.0006536,0.0006536
274,1148.84,0.89644,0.53921,0.80445,0.89421,0.87611,0.95273,0.66639,1.01511,0.60315,0.84074,0.00064865,0.00064865,0.00064865
275,1152.43,0.94545,0.55369,0.82527,0.91497,0.90265,0.9661,0.66423,1.05422,0.58806,0.84197,0.0006437,0.0006437,0.0006437
276,1156.04,0.88526,0.54465,0.81809,0.92108,0.88496,0.96261,0.66102,1.03862,0.56444,0.84154,0.00063875,0.00063875,0.00063875
277,1159.62,0.8438,0.53213,0.82294,0.86947,0.94318,0.96349,0.67352,1.03064,0.56433,0.84053,0.0006338,0.0006338,0.0006338
278,1163.21,0.85246,0.54916,0.82155,0.90507,0.9292,0.96896,0.67638,1.02674,0.53158,0.84077,0.00062885,0.00062885,0.00062885
279,1166.79,0.85767,0.53669,0.81673,0.93118,0.88496,0.96853,0.66239,1.05896,0.56481,0.84095,0.0006239,0.0006239,0.0006239
280,1170.39,0.85492,0.54913,0.8308,0.94316,0.88102,0.96239,0.65567,1.05233,0.5599,0.84066,0.00061895,0.00061895,0.00061895
281,1173.98,0.90503,0.53755,0.81663,0.8914,0.92035,0.97033,0.68521,1.01627,0.5447,0.83602,0.000614,0.000614,0.000614
282,1177.59,0.87589,0.52638,0.81401,0.89612,0.91606,0.96804,0.68292,1.0319,0.54129,0.83398,0.00060905,0.00060905,0.00060905
283,1181.18,0.96863,0.59366,0.81338,0.92559,0.92035,0.9686,0.66989,1.07727,0.55803,0.84645,0.0006041,0.0006041,0.0006041
284,1184.78,0.93201,0.54678,0.82008,0.94761,0.9115,0.9691,0.67708,1.01613,0.55103,0.84307,0.00059915,0.00059915,0.00059915
285,1188.34,0.921,0.54697,0.81891,0.96093,0.89381,0.9653,0.65892,1.04996,0.59585,0.84154,0.0005942,0.0005942,0.0005942
286,1191.93,0.89522,0.53699,0.80404,0.92717,0.90265,0.96669,0.69216,0.98277,0.54554,0.84044,0.00058925,0.00058925,0.00058925
287,1195.52,0.86967,0.52331,0.80947,0.93475,0.88747,0.96521,0.68174,0.96676,0.53082,0.83717,0.0005843,0.0005843,0.0005843
288,1199.12,0.85151,0.53446,0.81004,0.90804,0.90265,0.96003,0.67642,1.00976,0.55271,0.83148,0.00057935,0.00057935,0.00057935
289,1202.69,0.89985,0.52966,0.82459,0.92187,0.89381,0.95809,0.67088,1.03543,0.60177,0.83553,0.0005744,0.0005744,0.0005744
290,1206.28,0.81989,0.51042,0.80525,0.93685,0.92035,0.97096,0.69828,0.96062,0.52373,0.83374,0.00056945,0.00056945,0.00056945
291,1210.4,0.8832,0.54167,0.81401,0.93411,0.89381,0.96719,0.67395,1.02836,0.54372,0.84104,0.0005645,0.0005645,0.0005645
292,1214.01,0.8127,0.50822,0.82081,0.91183,0.91525,0.96326,0.68041,1.0279,0.5517,0.84282,0.00055955,0.00055955,0.00055955
293,1217.59,0.82982,0.54143,0.81939,0.92815,0.89381,0.95685,0.66743,0.99078,0.54997,0.84784,0.0005546,0.0005546,0.0005546
294,1221.17,0.82823,0.50195,0.81768,0.90277,0.90389,0.95744,0.67774,0.99703,0.55498,0.83836,0.00054965,0.00054965,0.00054965
295,1224.75,0.83772,0.5096,0.82817,0.90405,0.9292,0.96111,0.64906,1.05797,0.59557,0.85027,0.0005447,0.0005447,0.0005447
296,1228.35,0.85074,0.52833,0.81472,0.9446,0.90536,0.96512,0.66756,0.99271,0.56125,0.84192,0.00053975,0.00053975,0.00053975
297,1231.93,0.80746,0.50114,0.80934,0.95123,0.92035,0.97581,0.68059,0.96959,0.54283,0.83951,0.0005348,0.0005348,0.0005348
298,1235.51,0.83964,0.52048,0.82153,0.97304,0.87611,0.96927,0.68438,0.93357,0.56285,0.8375,0.00052985,0.00052985,0.00052985
299,1239.07,0.82369,0.49092,0.80852,0.96081,0.90265,0.97517,0.68619,0.97307,0.53461,0.83576,0.0005249,0.0005249,0.0005249
300,1242.67,0.85763,0.52143,0.81185,0.94154,0.90265,0.96727,0.66682,1.00365,0.53665,0.83814,0.00051995,0.00051995,0.00051995
301,1246.25,0.82064,0.50559,0.81697,0.93482,0.89381,0.96602,0.66712,1.00445,0.53109,0.83718,0.000515,0.000515,0.000515
302,1249.87,0.80264,0.50577,0.82071,0.92647,0.89198,0.96197,0.671,1.01042,0.54226,0.83447,0.00051005,0.00051005,0.00051005
303,1253.46,0.85696,0.52772,0.8147,0.89795,0.88496,0.92798,0.63763,1.03929,0.60202,0.83881,0.0005051,0.0005051,0.0005051
304,1257.09,0.84748,0.50026,0.80534,0.93301,0.81416,0.90095,0.62024,1.08067,0.64081,0.83366,0.00050015,0.00050015,0.00050015
305,1260.68,0.84152,0.50739,0.82086,0.97085,0.88425,0.9656,0.69181,0.95673,0.53687,0.83049,0.0004952,0.0004952,0.0004952
306,1264.27,0.80573,0.49342,0.79873,0.95383,0.9115,0.97462,0.68655,0.974,0.52105,0.83275,0.00049025,0.00049025,0.00049025
307,1267.87,0.82555,0.48905,0.81344,0.89539,0.90895,0.95643,0.65765,0.99333,0.54382,0.83579,0.0004853,0.0004853,0.0004853
308,1271.48,0.81763,0.50036,0.8095,0.92696,0.92035,0.96411,0.67856,0.95952,0.52544,0.83247,0.00048035,0.00048035,0.00048035
309,1275.07,0.80084,0.5032,0.80785,0.93263,0.9292,0.96737,0.68134,0.99368,0.53524,0.83216,0.0004754,0.0004754,0.0004754
310,1278.67,0.79275,0.49889,0.81787,0.94465,0.90615,0.97775,0.70034,0.99035,0.53604,0.82556,0.00047045,0.00047045,0.00047045
311,1282.79,0.78822,0.48423,0.80109,0.89816,0.9115,0.96614,0.68196,0.98282,0.56106,0.83036,0.0004655,0.0004655,0.0004655
312,1286.39,0.80701,0.48781,0.79603,0.93987,0.92035,0.96713,0.66511,1.06068,0.55396,0.83736,0.00046055,0.00046055,0.00046055
313,1289.97,0.80637,0.49606,0.81808,0.9375,0.92916,0.97296,0.67204,1.02702,0.55645,0.83652,0.0004556,0.0004556,0.0004556
314,1293.58,0.85784,0.50373,0.80329,0.94527,0.91702,0.97193,0.67402,1.01627,0.53963,0.83605,0.00045065,0.00045065,0.00045065
315,1297.15,0.78242,0.46908,0.80996,0.9338,0.9115,0.97474,0.6884,0.97282,0.49771,0.83407,0.0004457,0.0004457,0.0004457
316,1300.74,0.78167,0.47885,0.80714,0.89658,0.92059,0.96724,0.66943,1.02389,0.54746,0.8353,0.00044075,0.00044075,0.00044075
317,1304.34,0.80895,0.46782,0.81676,0.95121,0.92035,0.97432,0.67004,0.98539,0.53525,0.83285,0.0004358,0.0004358,0.0004358
318,1307.92,0.801,0.47764,0.80576,0.93765,0.92035,0.96873,0.69079,0.98572,0.52792,0.83316,0.00043085,0.00043085,0.00043085
319,1311.51,0.80013,0.48237,0.82066,0.94576,0.9259,0.97308,0.6994,0.95355,0.50949,0.83489,0.0004259,0.0004259,0.0004259
320,1315.12,0.81753,0.50338,0.80233,0.92446,0.9469,0.96786,0.68905,0.97782,0.53235,0.83477,0.00042095,0.00042095,0.00042095
321,1318.7,0.80881,0.48504,0.80836,0.95617,0.9115,0.97791,0.68748,0.9996,0.51355,0.83392,0.000416,0.000416,0.000416
322,1322.28,0.7844,0.49016,0.81809,0.93536,0.9292,0.97422,0.68206,0.9944,0.52611,0.83463,0.00041105,0.00041105,0.00041105
323,1325.87,0.77841,0.48173,0.81938,0.97143,0.90254,0.98199,0.67311,1.01013,0.53804,0.83048,0.0004061,0.0004061,0.0004061
324,1329.48,0.78838,0.48202,0.81595,0.92884,0.93805,0.97715,0.69517,0.95148,0.51857,0.82886,0.00040115,0.00040115,0.00040115
325,1333.05,0.81446,0.50728,0.81022,0.91472,0.94918,0.97867,0.69929,0.94889,0.4977,0.82853,0.0003962,0.0003962,0.0003962
326,1336.62,0.8176,0.6476,0.78762,0.9411,0.9115,0.96904,0.67607,0.99036,0.53695,0.82868,0.00039125,0.00039125,0.00039125
327,1340.21,0.81249,0.52015,0.82284,0.91136,0.90993,0.95823,0.66995,0.96227,0.51739,0.82916,0.0003863,0.0003863,0.0003863
328,1343.8,0.84306,0.54463,0.82578,0.86464,0.96098,0.95788,0.66477,1.01673,0.52339,0.83676,0.00038135,0.00038135,0.00038135
329,1347.39,0.7877,0.48981,0.8351,0.87851,0.95994,0.96289,0.66751,1.02516,0.54518,0.83654,0.0003764,0.0003764,0.0003764
330,1350.99,0.79689,0.48492,0.8033,0.90975,0.9469,0.97561,0.69434,0.95129,0.51437,0.8345,0.00037145,0.00037145,0.00037145
331,1354.58,0.73604,0.47931,0.80143,0.92299,0.9115,0.96046,0.66376,1.07484,0.58905,0.83563,0.0003665,0.0003665,0.0003665
332,1358.18,0.84982,0.49424,0.84603,0.91935,0.90788,0.96626,0.67223,1.002,0.55847,0.8286,0.00036155,0.00036155,0.00036155
333,1361.76,0.79168,0.48814,0.82707,0.95442,0.9292,0.98227,0.7076,0.95288,0.51679,0.83366,0.0003566,0.0003566,0.0003566
334,1365.86,0.76747,0.47918,0.82255,0.97644,0.9115,0.98133,0.70205,0.96325,0.50729,0.83302,0.00035165,0.00035165,0.00035165
335,1369.44,0.80162,0.48516,0.82373,0.93339,0.9292,0.97026,0.67118,1.02213,0.53136,0.83198,0.0003467,0.0003467,0.0003467
336,1373.03,0.78308,0.46132,0.8189,0.91352,0.9292,0.9727,0.69393,0.97118,0.49241,0.82884,0.00034175,0.00034175,0.00034175
337,1376.61,0.8238,0.50567,0.81317,0.94863,0.92035,0.97556,0.6895,0.97773,0.5104,0.83042,0.0003368,0.0003368,0.0003368
338,1380.22,0.81149,0.49973,0.81576,0.96909,0.9115,0.97845,0.68205,0.97156,0.53403,0.82648,0.00033185,0.00033185,0.00033185
339,1383.8,0.76421,0.48993,0.82017,0.96077,0.9115,0.97814,0.69637,0.96312,0.52448,0.82678,0.0003269,0.0003269,0.0003269
340,1387.41,0.76575,0.47082,0.81046,0.93609,0.9115,0.96709,0.68449,0.98816,0.53731,0.83023,0.00032195,0.00032195,0.00032195
341,1391,0.73624,0.45373,0.81016,0.96257,0.91028,0.97466,0.68209,1.00382,0.52246,0.83435,0.000317,0.000317,0.000317
342,1394.58,0.74215,0.45689,0.81052,0.98112,0.91972,0.9818,0.71339,0.95456,0.50528,0.82714,0.00031205,0.00031205,0.00031205
343,1398.69,0.78964,0.47691,0.81148,0.94557,0.92235,0.97851,0.69232,0.96576,0.49864,0.82464,0.0003071,0.0003071,0.0003071
344,1402.28,0.75543,0.46062,0.78874,0.9463,0.9115,0.97398,0.70083,0.96195,0.51206,0.82732,0.00030215,0.00030215,0.00030215
345,1405.86,0.75154,0.45968,0.78723,0.93478,0.92035,0.96771,0.68931,0.97047,0.50239,0.8294,0.0002972,0.0002972,0.0002972
346,1409.46,0.74082,0.4622,0.80206,0.92524,0.92035,0.96758,0.68776,0.98675,0.51794,0.82893,0.00029225,0.00029225,0.00029225
347,1413.05,0.78585,0.4768,0.8187,0.936,0.92035,0.97479,0.68636,0.98813,0.51988,0.82798,0.0002873,0.0002873,0.0002873
348,1416.65,0.77086,0.48034,0.81662,0.92802,0.92035,0.97204,0.6793,0.98454,0.53611,0.83261,0.00028235,0.00028235,0.00028235
349,1420.23,0.77329,0.49072,0.81384,0.92831,0.9292,0.973,0.69417,0.99059,0.52255,0.83133,0.0002774,0.0002774,0.0002774
350,1423.8,0.77733,0.4752,0.81278,0.94426,0.9115,0.97504,0.68581,0.97851,0.52562,0.83237,0.00027245,0.00027245,0.00027245
351,1427.39,0.78462,0.45378,0.81632,0.92065,0.92407,0.96756,0.68187,0.98091,0.53855,0.8321,0.0002675,0.0002675,0.0002675
352,1431,0.77426,0.47043,0.8198,0.91471,0.92035,0.95871,0.67171,0.99098,0.53279,0.83358,0.00026255,0.00026255,0.00026255
353,1434.59,0.78369,0.49812,0.8209,0.93672,0.91702,0.97132,0.68866,0.97134,0.52142,0.82908,0.0002576,0.0002576,0.0002576
354,1438.18,0.71698,0.46035,0.79697,0.95273,0.9115,0.97464,0.68967,0.96955,0.5268,0.83026,0.00025265,0.00025265,0.00025265
355,1441.76,0.71777,0.44969,0.76092,0.9216,0.93631,0.9707,0.67932,0.99013,0.52293,0.83062,0.0002477,0.0002477,0.0002477
356,1445.37,0.73709,0.45663,0.80373,0.91958,0.9292,0.96316,0.67579,0.98029,0.52622,0.83445,0.00024275,0.00024275,0.00024275
357,1448.95,0.75451,0.46747,0.8108,0.94068,0.9115,0.96176,0.65636,0.97932,0.55059,0.82649,0.0002378,0.0002378,0.0002378
358,1452.54,0.74718,0.44961,0.79692,0.92571,0.88219,0.95594,0.65234,0.98024,0.56089,0.82037,0.00023285,0.00023285,0.00023285
359,1456.12,0.76125,0.48201,0.81401,0.94386,0.89269,0.96781,0.67214,0.96442,0.54513,0.82075,0.0002279,0.0002279,0.0002279
360,1459.71,0.73326,0.45065,0.79556,0.94436,0.92035,0.97329,0.67376,0.97537,0.52785,0.82622,0.00022295,0.00022295,0.00022295
361,1463.3,0.77561,0.45586,0.80672,0.9806,0.8944,0.97361,0.68714,0.97367,0.51243,0.82736,0.000218,0.000218,0.000218
362,1466.89,0.81378,0.47853,0.80858,0.95753,0.89381,0.9699,0.6879,0.97308,0.51264,0.82772,0.00021305,0.00021305,0.00021305
363,1470.48,0.72069,0.45495,0.80074,0.94487,0.91008,0.96653,0.69106,0.95746,0.52567,0.82247,0.0002081,0.0002081,0.0002081
364,1474.09,0.74692,0.46656,0.8011,0.97154,0.90265,0.96967,0.69,0.9413,0.51128,0.82121,0.00020315,0.00020315,0.00020315
365,1477.69,0.69163,0.43274,0.79236,0.96319,0.92617,0.97305,0.69805,0.9511,0.52608,0.82126,0.0001982,0.0001982,0.0001982
366,1481.27,0.72775,0.45546,0.81183,0.9208,0.92035,0.97126,0.69152,0.96803,0.50823,0.82255,0.00019325,0.00019325,0.00019325
367,1484.85,0.72536,0.4371,0.79561,0.92843,0.92035,0.971,0.70349,0.95865,0.51583,0.82039,0.0001883,0.0001883,0.0001883
368,1488.46,0.74585,0.45097,0.80665,0.91895,0.9292,0.97693,0.71252,0.97598,0.51487,0.82371,0.00018335,0.00018335,0.00018335
369,1492.05,0.72344,0.44502,0.79304,0.92803,0.91296,0.97594,0.71801,0.95838,0.5165,0.82478,0.0001784,0.0001784,0.0001784
370,1496.15,0.70736,0.44278,0.79931,0.95341,0.90265,0.97555,0.70865,0.94629,0.50597,0.82277,0.00017345,0.00017345,0.00017345
371,1499.74,0.72558,0.45395,0.79962,0.96,0.90265,0.96924,0.6916,0.96844,0.52057,0.82326,0.0001685,0.0001685,0.0001685
372,1503.34,0.69903,0.43875,0.78826,0.96199,0.89381,0.97472,0.70356,0.95943,0.5137,0.82105,0.00016355,0.00016355,0.00016355
373,1506.93,0.72044,0.44138,0.79674,0.96246,0.9075,0.9752,0.69876,0.95327,0.52217,0.823,0.0001586,0.0001586,0.0001586
374,1510.53,0.73521,0.45184,0.81995,0.95093,0.90265,0.97096,0.70137,0.94894,0.5334,0.82137,0.00015365,0.00015365,0.00015365
375,1514.12,0.70821,0.426,0.80376,0.95992,0.90265,0.9748,0.69969,0.94588,0.51617,0.82211,0.0001487,0.0001487,0.0001487
376,1517.72,0.74587,0.46247,0.8046,0.92832,0.91689,0.97269,0.69591,0.95983,0.50947,0.82111,0.00014375,0.00014375,0.00014375
377,1521.32,0.75722,0.46721,0.80676,0.94565,0.9115,0.97742,0.70093,0.93959,0.49958,0.82201,0.0001388,0.0001388,0.0001388
378,1524.91,0.69936,0.44971,0.80128,0.9542,0.92189,0.97488,0.69829,0.93871,0.50599,0.8232,0.00013385,0.00013385,0.00013385
379,1528.49,0.71397,0.45437,0.80527,0.93573,0.90195,0.96962,0.68087,1.00443,0.5295,0.8259,0.0001289,0.0001289,0.0001289
380,1532.1,0.74266,0.45428,0.8059,0.95132,0.9115,0.97014,0.68261,0.97018,0.51688,0.82182,0.00012395,0.00012395,0.00012395
381,1535.68,0.71254,0.44659,0.80085,0.93754,0.90265,0.96986,0.69612,0.94167,0.5204,0.82227,0.000119,0.000119,0.000119
382,1539.26,0.67613,0.42214,0.7912,0.93942,0.9115,0.97125,0.69872,0.92865,0.5153,0.82038,0.00011405,0.00011405,0.00011405
383,1542.84,0.72697,0.46035,0.80672,0.95099,0.9115,0.97458,0.70039,0.95592,0.52613,0.823,0.0001091,0.0001091,0.0001091
384,1546.44,0.70524,0.44739,0.80593,0.98036,0.88326,0.97657,0.69722,0.95142,0.51632,0.82014,0.00010415,0.00010415,0.00010415
385,1550.02,0.67519,0.41418,0.80084,0.97128,0.88496,0.97313,0.68951,0.9614,0.50922,0.81952,9.92e-05,9.92e-05,9.92e-05
386,1553.6,0.67309,0.41755,0.7901,0.99209,0.88496,0.97662,0.69967,0.95729,0.51704,0.82196,9.425e-05,9.425e-05,9.425e-05
387,1557.18,0.69184,0.43224,0.79058,0.92173,0.92035,0.97578,0.70057,0.95864,0.51996,0.823,8.93e-05,8.93e-05,8.93e-05
388,1560.77,0.67521,0.42928,0.81901,0.96173,0.8897,0.97754,0.69941,0.94864,0.50857,0.82445,8.435e-05,8.435e-05,8.435e-05
389,1564.34,0.6907,0.4451,0.81461,0.96621,0.88496,0.97784,0.69505,0.95033,0.51685,0.82311,7.94e-05,7.94e-05,7.94e-05
390,1567.93,0.68442,0.43305,0.80187,0.95355,0.90844,0.97589,0.69563,0.9492,0.5179,0.82131,7.445e-05,7.445e-05,7.445e-05
391,1572.34,0.73049,0.47965,0.79998,0.96104,0.90265,0.96953,0.69212,0.9667,0.52739,0.82219,6.95e-05,6.95e-05,6.95e-05
392,1575.97,0.69356,0.43604,0.80894,0.94871,0.90265,0.96174,0.67523,0.97219,0.53474,0.82114,6.455e-05,6.455e-05,6.455e-05
393,1579.56,0.66474,0.42923,0.78642,0.93418,0.90265,0.96132,0.68495,0.97158,0.54223,0.82064,5.96e-05,5.96e-05,5.96e-05
394,1583.13,0.68306,0.42926,0.79254,0.94076,0.90265,0.96108,0.68518,0.97202,0.53656,0.82108,5.465e-05,5.465e-05,5.465e-05
395,1586.7,0.65915,0.42606,0.8026,0.94443,0.90233,0.96199,0.68516,0.96411,0.53799,0.82037,4.97e-05,4.97e-05,4.97e-05
396,1590.3,0.67291,0.42441,0.80217,0.95678,0.88496,0.96227,0.68365,0.95974,0.52944,0.81984,4.475e-05,4.475e-05,4.475e-05
397,1593.89,0.69062,0.42511,0.80272,0.92742,0.90468,0.96111,0.68437,0.96633,0.52161,0.82071,3.98e-05,3.98e-05,3.98e-05
398,1597.47,0.64505,0.42165,0.81086,0.93624,0.90961,0.96214,0.68313,0.9633,0.52019,0.8206,3.485e-05,3.485e-05,3.485e-05
399,1601.03,0.65591,0.42454,0.78658,0.92743,0.9115,0.96326,0.68409,0.96185,0.51414,0.82177,2.99e-05,2.99e-05,2.99e-05
400,1604.63,0.79455,0.5668,0.82472,0.92048,0.92198,0.96816,0.6884,0.96517,0.51152,0.82223,2.495e-05,2.495e-05,2.495e-05
